Tasks,Mean Execution Time (s)
1,0.3407613333333333
10,0.5049216666666667
100,0.5032273333333334
1000,0.28891316666666667
10000,0.1649625
100000,0.19928683333333333
