Tasks,Mean Execution Time (s)
1,22.6902125
10,29.961979166666666
100,25.550483833333335
1000,18.262742499999998
10000,14.004276500000001
40000,11.568044
60000,11.568020166666669
100000,10.480715666666667
