Aux,Mean Execution Time (s)
1,5.084319
10,5.103983333333333
100,5.084092000000001
1000,5.047700833333333
10000,5.096337
40000,5.0787515
60000,5.107449333333334
100000,5.126427499999999
