Matrices,Mean Execution Time (s)
10000,0.0449835
40000,0.200819
60000,0.3126495
100000,0.5428016666666666
200000,1.1484180000000002
300000,1.7688791666666666
500000,3.0906059999999997
