Tasks,Mean Execution Time (s)
1,24.8394835
10,32.174041333333335
100,27.554938500000002
1000,19.860998333333338
10000,15.240195333333334
40000,12.626076833333334
60000,12.625599166666667
100000,11.408954666666666
