Buffer,Speedup
10000,18.181686875762807
20000,16.748695127095857
30000,16.723889869858084
