Buffer,Speedup
10,1.615658812631371
50,5.12011322229863
100,7.538971727343144
1000,17.16798247557787
10000,18.22311231079571
20000,17.044602775832953
