Threads,OMP,MPI
1,18.470297833333333,0.009116666666666667
2,11.580899000000002,0.010660999999999999
3,9.977778666666667,0.016872666666666664
4,9.516092833333332,0.020736333333333332
5,9.9630485,0.0263955
6,10.166094833333334,0.030137999999999998
