Size,matmult00,matmult01
1600,0.017007166666666667,0.0060209999999999994
3200,0.1199225,0.047847
6400,0.9772786666666667,0.3789378333333333
