BLOCK_SIZE,matmult00,matmult01
16,0.0169975,0.007266166666666667
8,0.017,0.0026046666666666666
4,0.016996,0.0017196666666666664
2,0.017003833333333333,0.0012893333333333333
