Threads,0.5B,1.0B,1.5B
1,184.57364254907245,90.02148967658013,58.8857836783955
2,354.6637477594183,173.08015072636002,113.35976960356446
3,515.956757272696,253.11783754646785,165.65129609985243
4,688.6931987789965,338.5692613799402,221.6797674101442
5,852.6126448323453,419.9896375959222,275.22265456757486
6,1012.4920232170664,499.6159492560797,327.4987081614257
7,1164.4563035176861,575.4466891251645,379.20451018466287
8,758.0148445996736,413.73623195112907,277.6609510567114
