Problem Size,Magnitude Improvement (10x)
100000,1.4925944166666667
200000,5.538157533333333
300000,11.918579699999999
