Problem Size,sieve3
500000,201.3936710936219
1000000,92.65293807045335
1500000,62.738788435999595
