Problem Size,sieve4
500000,40.63497856035033
1000000,91.47668925857464
1500000,94.40440864773207
