Problem Size,Sieve,Sieve1
100000,4.727987333333332,0.00017516666666666665
200000,18.853857,0.000317
300000,41.39140316666667,0.00042766666666666664
