Threads,Mean Execution Time
1,9.24e-05
2,0.000165
3,0.00016779999999999999
4,0.0001012
5,9.659999999999999e-05
6,8.759999999999999e-05
7,9.2e-05
8,8.86e-05
9,8.680000000000001e-05
10,8.6e-05
