Execution Time (s),Iteration
19.510899,0
19.520182,1
19.509605,2
19.518684,3
19.512688,4
19.510801,5
