Execution Time (s),Iteration
0.000115,0
0.000111,1
0.000106,2
9.3e-05,3
9.3e-05,4
9.3e-05,5
