Mean Execution Time (s),Speedup (%),Efficiency (%)
0.1846295,105.6946717615549,105.6946717615549
0.11008733333333333,177.2624861473618,88.6312430736809
0.1170595,166.70457673234554,55.56819224411518
0.134586,144.9954259729838,36.24885649324595
0.12992116666666667,150.20150219299654,30.04030043859931
0.11066799999999999,176.33240322405757,29.388733870676262
0.09309450000000001,209.61876802603805,29.94553828943401
0.0796745,244.92597255081617,30.61574656885202
