Execution Time (s),Iteration
0.000138,0
9e-05,1
0.000105,2
0.00011,3
0.000243,4
0.00015,5
