Mean Execution Time (s),Speedup (%),Efficiency (%)
0.17898733333333336,109.02645475843728,109.02645475843728
0.10505766666666666,185.74897976666787,92.87448988333394
0.10884100000000001,179.29231080199557,59.76410360066519
0.084378,231.2730142928252,57.8182535732063
0.071874,271.5078387177561,54.30156774355122
0.0627605,310.93369874363657,51.82228312393943
0.06407933333333334,304.53429186737276,43.504898838196105
0.060735166666666666,321.30239317693486,40.16279914711686
